{"file_hashes":[{"block_hashes":["dqq+GOzbO+L+soRiklEyKHvJup+x5LKOZP1IlaZ+Hyg="],"block_size":4096,"path":"app.css"},{"block_hashes":["aCyPM1YTuXw5DHO49Vo/jbFvzNpMyI2ljWqYlVWjps0=","L7PbLHvU5/CwiPHLKeI+v2MucdSv5O944Yk1hqrOvk0=","QBJDqPgZjLVaol1lqh9G8u4+XT55XYBvKpTqyFX53j8="],"block_size":4096,"path":"app.js"},{"block_hashes":["Djx1CptRDE6SUH1GRtyr7dTDkB+HsR3T/F2vYvqecbI="],"block_size":4096,"path":"assets/i18n/de.json"},{"block_hashes":["G8FjwaCrmx9aEsb6wVnXCw/ZxZrTIMOnGoNEtXyaYBc="],"block_size":4096,"path":"assets/i18n/en.json"},{"block_hashes":["TOnhEaH/9BwckFv2NG7VoQMEhPmE+KXCa5OxEc2Yjww="],"block_size":4096,"path":"assets/i18n/es.json"},{"block_hashes":["MeeT4aA0C2wQvfUSm1kG/miUZtYH0HjNRJOSjaUbZzA="],"block_size":4096,"path":"assets/i18n/fr.json"},{"block_hashes":["pc9c8vHKTY7WK1mN2wqFYwThZVpD5dQWXiFS2nQhKx0="],"block_size":4096,"path":"assets/i18n/it.json"},{"block_hashes":["yTv39Kc41aBIhxBBRkQNWRE8xo8lNmEJsdVdPl4EjUw="],"block_size":4096,"path":"assets/i18n/pt.json"},{"block_hashes":["XpjgKm0e1f1WxQcG00amFRbKPKAy/WIqUGGPyODzVCA="],"block_size":4096,"path":"assets/icon-512.png"},{"block_hashes":["RpIWW2jl4dr2KTpk+bOLH00+ahfTS0suvVYZW0N/Fns="],"block_size":4096,"path":"assets/icon.dev-128.png"},{"block_hashes":["JgtBdbxrnpXJsDV9mRC7hOxXJNWBk/NmYuSQmOLSQF0="],"block_size":4096,"path":"assets/icon.dev-16.png"},{"block_hashes":["ydLN6GV0xTbJW9ovFraNnI7OosoySJH3RfpAeCQ3h8g="],"block_size":4096,"path":"background.js"},{"block_hashes":["C6ZqiLWVK2JhpBKLZ+xTjrTKUqsBH0darJhV+vSzVjg="],"block_size":4096,"path":"common.css"},{"block_hashes":["OTrJI1+ucth7Z9lA/HQkFz8gzFpGPPoyAjBtsSb8uV8=","tBU1GSNQU2MtuhOMB53IhKLziqvuTwOWL4dGjwZXdRc=","InFfyaEllkgx5cMtx/BO2l033bXE0TCzoMOvNxnzKf0="],"block_size":4096,"path":"common.js"},{"block_hashes":["foZFC60NCrdXqxBXR7NfbNhfExPhQ0EUX3CB21mHjF0="],"block_size":4096,"path":"index.html"},{"block_hashes":["MgU/cR649N3jF2hd1Gh2XmC/jysw1H25FFXx2tJERc8="],"block_size":4096,"path":"options.css"},{"block_hashes":["6rQbAX588yp1RjUJtmqe+NBUKSGAPcUBxrLdIqc0RtI="],"block_size":4096,"path":"options.html"},{"block_hashes":["PT2VdKeJfLE5LO8oqAnP2U+A9eLw/3x81PYCr4HmXk0=","XBkANYgEOffIFK0IAvHp2CVKPKymnjuFoWL5lxZEZf0="],"block_size":4096,"path":"options.js"},{"block_hashes":["vKYCCHxvfvlsMCs/8ZboOKSTJ4WfS+2bCLZNAd0OzTw="],"block_size":4096,"path":"runtime.js"},{"block_hashes":["t0ml1QjKXVZx2+6BAwMPBEDxoMWcbOWRMLQ24q0hgfE=","hRCpHgj4oQiMt0c2yhBtTLeps/LMUshieVcLmtCnBPA=","P+IKn9hUIILoq13ABjjAMeGdA2WBlVBobKRwjj6I95c=","CdSyAjkutEXtggBDFSfb+0T4jBDjhvSvULdZ6NwuViM=","79iEwB87c0PVZbm0FrDdTRc1UrgE7KeE5arf+1SLp8g=","thdqXJtqJ3TOgfUbOEfMImoOn6bAnGofh/bGzSLNyZk=","XMpQsv0wmalmuyrUZFxdcRlw3Jwm+dco3pqbVALGCNI=","dCzVcBG+oIHcTimcJsvKOrLqcAg8c70+WudxWXVuOyc=","j4VovouXkZ3A6MQF/JWdum94ymPQyioB/IMbpU7qGwo=","82muQYobXbjeEhSyi/ObVdfOoaVcdSXX8fnCFutZDO8=","MdwMJr6odqBzoAOyTnzKB+O5qZTC1crHOBl/yVhv/qg=","JiS70frW/FeFSkoguSG7WV3PygJppfehTaGxpZ8acgE=","fnEj6yOrxaWbzfB6exyBWNKJ/K4z+WVGIy9uI/J5W7U=","ifKQArX9/zJdpzBh5K949uP3opU9HbaywQUfPI89ZkQ=","d97pUfjPppsLeVnWfMTKR4PbRXdj7B4sZ4uMzNPiH/k=","PQSLjYA9kw2wpJZkTw5ZX6Mtj1y4qcqlaFa7eT2Ei2I=","3LdkO1o84Lhs8UnDnTUqMQjc+tFwA1SWLLjLUBSeow4=","ktYMaYkliCb2bMEozK7cceh9p9pm2+GPeAN6PG5hRoY=","iL1bfk39XL6S/urb7WNbfoNoRcSUMZc7ICsNSu11fck=","aD3/EwyXLwa1nXiXQQFZxJCMbgxAGdxzlKrgYO7SKvc=","x4/nX2BbM5sv+INlBoRhT3zBVXa6uHqjYSuSmwOfm2M=","ip+S5Y90AvCn1BlGtoOlCdM5uHOajuo8GlBiHiNRl0g=","zhJTcoruVcgFa2CaDWNfm6nQkL4jJA20dEf21vuOgS0=","j9ACI3M74kDl3I47ChYdnSx833GKMEGksgDfcszKaeQ=","TBrBRJys+5BZSt9J8mJQfHwzEY9cNxDZIuDooRlSVPY=","lHTSA9kW62CI7ealRQZ8vG0u9T5PbrHMagoAVRH0RS4=","rGnTeX5EF9wYkvkJ4Y4YibrRPypCriiDVKRYcMSg6Vc=","pnmgCZEb+HTwgufbQfIZtRIfs3B0Pi0mGTMzzi1xUR4=","O3PA0CVthfNK5G1yZGD4ZrCDz0xRXqD59ZzOvqVuWdM=","6yd+JiFGhpe5MAbSdZ2Ja7s4gnBrFpFi1j5wguzN1Bw=","R4OR2AFwSIhvJkMa7c0GkOwKLqZJjhb/ihgSiJXKbNY=","ZaiIYl+HrwZA4TxuxZ/NEOQYJ6Clckq0al5cpGnE/rs=","l1xQDQgZQXhTl+fprYoTPfNMi6PVISVcdUzAMuvwd1Y=","h3CXrvGiMnf3vGhLirFasLUrw/YTX/wxzv2dgqZ7D4I=","GeQ3+Tgqr5k75Sb7WOt0Hx0pxklhM/mjTNjFZsqbdM0=","VmC5R+hd+PM8kV0PsbbzEK7dtNsHFMwJqCPN1xokXnk=","uaN2QPQydyIHh5iBsu3pWzjcIZmmFTZhFU/46pqm8OM=","jhwHeP8O+MiReBDFYyoYdbW4C7xHCy+o25KtjcqJSxg=","5u9tHtr+j4pmtteqzdDCNIt1T1/MxRq2w+HeTbZ74MU=","JYLpJKnUh4W181gLRpVSD/0DN9KStcPmg37vMVMBRTk=","qRE7a3AIqZheJdXbHcGdg0ev0TvZJ55cokCHYTOtgyY=","LEoWr7nAWpb2aC7XXkO+C2aqAyICo/4C+1QU/PytbJo=","TnjncYLx9YdXXi14yeWlmmDmgy3s7lNQp/uhjtTW9SY=","pzysdTjTBHG3QW/Lwq+0frXCcSQMJPRNnB20Z+q4ty4=","Pkj92rqAFbtmoTo6LErRuRrpwkyVjrUxxIitiOqasxM=","0PZpOXb9A+e8UCQ4vQfDsB6RSFwb+qVqSz7NuTuNcYc="],"block_size":4096,"path":"vendor.js"}],"version":2}